CITYNAME,UNIQUEID,COPD,CHD,Diabetes,High Blood Pressure,High Cholesterol,Cholesterol Screening,Lack of Health Insurance,Taking Medicine for High Blood Pressure,Doctor Visits,Binge Drinking,Smoking,No Leisure Time,Obesity,Sleeping less than 7 hours
Chattanooga,4714000,17.9,14.3,25.4,79.1,70.9,153,32.9,147,144.7,25.9,47.4,58.6,68.1,80
Chattanooga,4714000-47065000400,13.7,10.5,23.7,57.6,43.3,72.9,26.3,84.3,78.9,8,32.6,46.3,48,50
Chattanooga,4714000-47065000600,5.6,5.3,7.4,29.8,33.2,81.6,8.4,76.9,69.6,16.6,15.7,17.7,25.3,32.8
Chattanooga,4714000-47065000700,5,4.2,6.2,25.6,29.9,78.2,8.6,73.4,68,17.6,15.7,16.8,24.3,32.8
Chattanooga,4714000-47065000800,7.4,5.4,10.2,33.2,33,74.3,14.9,75.4,68.7,15.3,24.1,25.9,32.3,39.4
Chattanooga,4714000-47065001100,9.4,7.5,16.3,45.7,38.7,70.6,20.1,80.4,73.4,11.7,25.8,34.1,40.1,44.1
Chattanooga,4714000-47065001200,12.7,10.4,21.4,54.3,42.2,74.2,23,84.3,79.1,8,27.6,42.2,43.7,46.7
Chattanooga,4714000-47065001300,11.6,7.7,16.6,43.6,38.2,67.2,28,77.5,70.6,10.7,32.2,40.5,42.8,46.1
Chattanooga,4714000-47065001400,7.6,5.3,11.4,34.2,32.6,67.6,21.5,74.4,69.1,13.9,25.1,30.6,35.1,41.8
Chattanooga,4714000-47065001600,22,16.3,31.2,63.1,50.8,70.6,30,86.3,78.5,5.5,38.1,55.6,52.4,49.8
Chattanooga,4714000-47065001800,7.1,6,10.4,36.5,35.8,78.1,12.5,79.2,71,14.8,20,23.4,29.8,36.8
Chattanooga,4714000-47065001900,15,10.6,23.8,54.9,42.2,69.9,28.8,82.7,77.2,7.6,35.2,48.3,49.5,50.7
Chattanooga,4714000-47065002000,7.9,6.7,13.8,40.6,36.4,74.2,17,79.6,71.4,13,23.2,28.6,35.4,40.8
Chattanooga,4714000-47065002300,17.4,11.9,20.1,47,43.9,69.2,31.3,79.9,69,9.6,38.3,47.5,44.2,45.4
Chattanooga,4714000-47065002400,14.9,9.8,16.1,43.2,42.3,65.4,29.6,77.3,67.4,10.6,35.8,43.2,40.7,43.7
Chattanooga,4714000-47065002500,13.3,8.8,16.7,44.6,40.4,67.3,27.2,78.1,70.9,10,33.9,41.9,42.5,45.6
Chattanooga,4714000-47065002600,11.3,7.5,15.4,42,38.8,62.3,32.7,75.2,68.3,11.5,32.6,41.3,41.9,45.7
Chattanooga,4714000-47065002800,6.5,5.6,9.2,33.8,34.6,81.9,10.6,78.4,71.7,15.1,18.5,21.4,29,36.2
Chattanooga,4714000-47065002900,9.2,7.1,14.2,43.4,37.6,75.5,16.9,80,74.3,11.4,25.5,32.1,38.2,43.2
Chattanooga,4714000-47065003000,8.8,6.4,12.2,37.7,35.4,74.2,19.2,76.9,71,13.1,26.2,30.7,35.8,42.3
Chattanooga,4714000-47065003100,7.8,6.3,10.6,36.8,35.2,71.9,17,74.6,68.9,16.1,24.7,26.3,32.8,39.8
Chattanooga,4714000-47065003200,10.3,8.6,19.8,52.3,40.5,80.1,18,84.5,79.3,9.2,25.1,35.8,42.9,45.9
Chattanooga,4714000-47065003300,8.8,7.3,16.8,49.2,38.4,78.9,16.7,83.1,78.6,10.4,23.5,32.3,40.6,45.2
Chattanooga,4714000-47065003400,6.9,5.6,9.5,33.7,34.2,75.2,15.8,75.9,69.7,15.4,21.3,24.8,30.9,38.4
Chattanooga,4714000-47065010413,7.4,6.4,10.3,37.3,39.5,85.9,9,80.9,72.9,14.2,18.6,21.7,28.3,35.4
Chattanooga,4714000-47065010431,7.4,6.7,9.7,35.6,37.4,82.7,11.1,80.4,72.1,14.4,18.6,22.8,27.3,34.9
Chattanooga,4714000-47065010432,7.1,6.9,9.7,36.9,39.1,85.3,8.8,82.2,73.4,14.2,16.2,20.6,25.8,32.8
Chattanooga,4714000-47065010433,9.3,7.6,11.1,37.5,38.5,77.7,14.9,79.5,71.2,13.7,23.7,28.2,31.1,37.7
Chattanooga,4714000-47065010434,10.5,9,12.2,40,41.9,80.9,12.4,81.9,71.2,13.3,23.7,27.9,30.3,36
Chattanooga,4714000-47065010435,11,9,12.8,39.6,40.8,79.2,15.1,81,70.9,12.8,25.3,30.3,32,37.5
Chattanooga,4714000-47065010501,7.8,6.8,9.5,35,36.6,79.5,12.1,79.2,71,15,20.6,23.9,28.2,35.7
Chattanooga,4714000-47065010502,7.7,7.5,10.4,37.8,39.2,83,9.6,81.6,72.5,13.5,17.4,22.5,27.8,33.8
Chattanooga,4714000-47065010700,,,,,,,,,,,,,,
Chattanooga,4714000-47065010901,7.2,5.8,8.7,31.9,34.8,76.1,12.1,76.8,68.7,15.6,20.4,22.8,27.4,35.1
Chattanooga,4714000-47065010902,9.8,8,11.7,37.9,39.9,77.9,13.5,79.8,69.7,14,24.3,27.7,31.9,36.9
Chattanooga,4714000-47065010903,8,7.8,10,36.4,37.3,76.5,12.1,80.8,72,13.2,17.8,24.9,26.2,34.2
Chattanooga,4714000-47065011201,,,,,,,,,,,,,,
Chattanooga,4714000-47065011311,7.4,7,10.9,40.2,35.2,75.5,17.2,77.7,73.6,15,21.8,27,31.3,39.8
Chattanooga,4714000-47065011321,7.5,6.6,10.1,34.6,36.2,81.1,12.1,79.1,71.1,13.9,19.9,24,28.2,36.5
Chattanooga,4714000-47065011323,8.3,8.4,12.3,42.8,41,86,10.1,84.3,76.8,11.3,16.5,24.2,29.2,34.7
Chattanooga,4714000-47065011325,5.7,5,8.5,32.3,34.1,83.4,9.5,78.3,71.6,15.4,17.1,19.5,26.6,35.9
Chattanooga,4714000-47065011326,6.3,5.6,8.7,35,36.6,79.5,9.9,78.6,71.2,15.3,17.7,20.5,27.1,35.5
Chattanooga,4714000-47065011402,9.1,7.6,15.6,47.1,39,78.7,16.4,82.5,76.8,11.1,23.6,31.3,38.3,43.3
Chattanooga,4714000-47065011411,8.4,7.3,12.6,40.6,37.7,79.9,13.7,80.9,74,12.6,21.7,27.1,33.5,39.5
Chattanooga,4714000-47065011413,,,,,,,,,,,,,,
Chattanooga,4714000-47065011443,9,8,12,39.6,38.2,79.1,15.1,81.1,73.2,12.6,21.7,28.5,30.6,37.9
Chattanooga,4714000-47065011444,8.7,7.3,16.5,49.7,39.1,78.8,16.9,83.4,79,10.7,23.3,31.8,39.4,44.8
Chattanooga,4714000-47065011445,7.3,7,11.1,38.9,36.5,80.3,13.5,80.8,74.3,13.3,18.7,25,30.2,37.9
Chattanooga,4714000-47065011446,8.6,8.1,11.7,39.2,39.4,82.6,11.9,82.3,73.7,12.9,19,25.2,29.7,36
Chattanooga,4714000-47065011447,,,,,,,,,,,,,,
Chattanooga,4714000-47065011700,9.2,6.8,10.1,35.1,36.7,77.4,14.8,74.6,66.1,16.8,28.8,26.8,33.5,39.3
Chattanooga,4714000-47065011900,,,,,,,,,,,,,,
Chattanooga,4714000-47065012100,10.7,8.8,12.1,39,40.9,80.8,13.3,81.3,71,13.1,24.2,28.5,30.7,36.4
Chattanooga,4714000-47065012200,14,10,23.1,54.3,41.3,70.6,27.2,82.4,77.7,7.8,34.4,46.7,49.1,50.8
Chattanooga,4714000-47065012300,11.2,8.5,17.2,47.5,39.9,74.9,20.1,81.6,75.3,10.4,29.1,37,41.2,45.2
Chattanooga,4714000-47065012400,5.4,3.1,5.9,22.1,23.7,53.6,15,60.3,65.9,16.6,21.8,22.9,27.2,38.3
Chattanooga,4714000-47065980100,,,,,,,,,,,,,,
Chattanooga,4714000-47065980200,,,,,,,,,,,,,,
Clarksville,4715160,15,11.7,21,68.3,65.8,150.4,30.4,138.2,143.2,31.2,45,54.3,74.3,83
Clarksville,4715160-47125100100,7.6,4.5,8.4,28.9,29.4,55.6,22.8,62.3,65.6,17.2,30.4,31.6,39.2,44.5
Clarksville,4715160-47125100200,10.1,7.4,12.4,36.9,37.7,71.7,18,76.3,70,14.6,27.6,32.4,40.4,42.5
Clarksville,4715160-47125100300,9.3,6.9,11.7,36,36.7,74,16.7,76.7,71.2,14.5,25.6,30.6,39,42.1
Clarksville,4715160-47125100400,11.3,7.9,16.3,44.2,39.5,70.8,21.6,79,73.4,12,29.9,38.2,46.3,46.9
Clarksville,4715160-47125100500,8.6,7,11.1,35.2,36.6,74.3,15.3,77.7,71.6,15.1,22.8,28.4,36.1,40.1
Clarksville,4715160-47125100601,9,9.4,12.7,43,43,83.6,11.1,84.6,76.6,12.7,17,26.6,32.4,35.3
Clarksville,4715160-47125100602,8.6,8.5,11.4,37.9,39.5,78.9,12.5,82.1,74.3,14.4,18.4,26.5,32.1,36.4
Clarksville,4715160-47125100700,9.4,7.9,14,41.6,39.7,77.1,15.4,80.9,74.7,12.9,22.2,30.2,39.1,41.1
Clarksville,4715160-47125100800,8.6,5,11.1,31.2,30,56.3,21.2,68.7,70.5,12.9,27.7,34.4,41.2,45.7
Clarksville,4715160-47125100900,8.1,5.6,11.9,38.1,35.9,67.6,21.6,74.4,70.9,14.7,27.4,33,42.9,45.8
Clarksville,4715160-47125101001,8.2,6.4,11.4,36.2,36.7,72.6,17.3,76.7,71.6,15.1,23.7,29.4,37.9,41.9
Clarksville,4715160-47125101002,6.6,4.7,10.2,33.5,33.3,74.5,14.5,74.7,72.1,16,22.4,25.9,38.1,43
Clarksville,4715160-47125101101,8.5,6.2,11.5,33.4,34.8,70.2,19.3,74.9,70.3,15.1,25.7,31.1,38.3,42.9
Clarksville,4715160-47125101102,7.9,5.3,10.4,32.9,33.4,69.3,18.4,72.5,69.6,15.5,26.5,30.2,39.5,43.7
Clarksville,4715160-47125101103,9.8,7.4,11.8,36.3,38.1,74.3,16.5,77,70.5,15,26.7,30.8,38.3,41.8
Clarksville,4715160-47125101201,7,4.2,10.4,32.3,31,71,18.1,71.7,71.2,14.9,25.5,29.7,41.2,45.8
Clarksville,4715160-47125101202,7.6,5.5,10.4,33.6,34.5,72.5,16.3,74.6,70.5,16.1,24.3,27.9,38,42.4
Clarksville,4715160-47125101303,5.4,3.5,7.8,26.5,27.5,70.2,16.6,67.5,68.6,17.9,23.1,25,36.1,43
Clarksville,4715160-47125101304,6.8,4.6,9.3,29.4,29.8,67,18.6,69.5,69.2,16.1,24.6,28.4,38.2,43.4
Clarksville,4715160-47125101305,5.4,3.2,7,26.3,27.3,70.6,15.8,65.3,67.8,18.2,23.6,24.2,37.1,43.3
Clarksville,4715160-47125101306,5.7,3.5,7.8,27.7,28.2,69.5,16.6,67.7,68.8,17.7,23.7,25.3,37,43.3
Clarksville,4715160-47125101307,8.2,6,11.7,35.8,35.9,69.3,17.8,75,70.7,14.9,25.5,30.7,39.7,43.6
Clarksville,4715160-47125101400,3.8,1.6,3.8,18.8,20.5,64.6,16.1,50.5,64.3,22,23.5,21.1,33.5,42.1
Clarksville,4715160-47125101802,6.6,5.4,8.8,32.3,35.4,79.9,11,77,71.5,17.3,19.5,22.3,32.9,37.7
Clarksville,4715160-47125101803,6.8,6.4,9.8,35.2,37.4,82.5,9.7,80.1,73.7,15.2,16.6,22.1,32.1,36.3
Clarksville,4715160-47125101804,7.1,6.6,10.1,35.8,37.9,84.7,10.1,80.5,74.2,15.3,17.8,23,32.7,37.1
Clarksville,4715160-47125101902,6.7,5.9,9.6,34.4,37.4,82.5,9.4,79.4,73.6,16.2,17.4,21.4,32.7,37
Clarksville,4715160-47125101903,6.6,5.3,9.1,32.7,34.7,77.5,12.3,76.2,71.5,17,20.5,23.6,34,39.6
Clarksville,4715160-47125101904,,,,,,,,,,,,,,
Clarksville,4715160-47125102001,6.6,4.9,8.8,31,33,77,13.2,74.4,70.7,17.6,21.9,23.9,35.1,40.7
Clarksville,4715160-47125102002,4.9,3.2,6.5,24.5,26.7,75.1,13.2,66.7,68.4,19.1,21.3,21.5,34.7,41.2
Clarksville,4715160-47125102003,4.4,2.5,5.7,23.5,24.8,71,14.8,63,67.6,19.7,21.7,21.7,34.4,41.8
Clarksville,4715160-47125102004,4.4,2.6,6.3,25.1,25.9,71.9,13.9,65.6,69.2,19.5,20.6,21.3,34.5,42.3
Clarksville,4715160-47125102005,5.2,3.3,7,25.7,27.3,71.2,14,67,68.5,17.5,20.9,23,35,41.1
Clarksville,4715160-47125102006,4.9,3.2,6.6,26,28,75.4,13.3,67.6,68.7,19.2,21,21.2,34.5,41.3
Knoxville,4740000,17.5,13.4,22.1,72.3,71,150,31,141,137.5,28.8,48.4,54.6,66.1,74.2
Knoxville,4740000-47093000100,5.7,4,6.9,26.8,30.7,72.3,11.5,69.9,64.9,17.7,20.1,19.9,28.1,34.3
Knoxville,4740000-47093000800,8.7,5.5,9.1,28.9,31.7,60.8,18.9,68,64.5,15.2,28.1,29.5,33.3,38.7
Knoxville,4740000-47093000901,3.7,0.9,1.6,11.6,11.4,44.3,16.8,23.3,60.8,19.5,22.1,20.6,22.9,35.9
Knoxville,4740000-47093000902,4.6,1.2,1.9,12.3,12.7,40.8,18.5,24.3,58.3,18.7,25.1,23.3,24.2,36
Knoxville,4740000-47093001400,15.6,9.4,16.4,43,42,64.2,27.9,76,66.3,10.5,39,44.1,44,43.8
Knoxville,4740000-47093001500,10.4,8,11.7,38.3,39.7,75.4,16.6,78,68.1,14.3,26.9,29.9,33.4,37.2
Knoxville,4740000-47093001600,11.3,9.6,13.3,42.7,42.9,79.5,15.4,81.6,70.8,13,24.7,30.2,32.7,35.8
Knoxville,4740000-47093001700,12.1,9.2,13.9,41.9,42.4,74.7,18.9,79.4,68.7,13.1,28.9,33.4,35.9,38.2
Knoxville,4740000-47093001800,8.3,6.8,10.4,36.4,37.9,80,13.4,78,69.5,15.2,22.9,25.1,31.7,36
Knoxville,4740000-47093001900,12.7,9,20.2,52.2,42.8,73,22.8,81.8,74.2,9.6,32.6,40.9,46.8,46.3
Knoxville,4740000-47093002000,12.7,10,23.4,55.6,43,75.9,23.5,83.7,77.1,8.9,31.3,42.4,48.9,47.8
Knoxville,4740000-47093002100,13.5,11.5,21.8,55.4,46.2,75.5,20.9,84.6,76.3,8.9,27.6,40.2,43.5,42.8
Knoxville,4740000-47093002200,10.5,8,11.7,37.4,39.4,76.5,15.7,78,68.3,13.9,26.4,29.3,33.4,36.7
Knoxville,4740000-47093002300,9.3,6.9,10.4,33.5,36.4,71.1,16.7,74.5,66.1,14.6,25.4,28.1,32.8,36.6
Knoxville,4740000-47093002400,10.9,7.1,11.5,35.1,37.9,69.2,18.9,74.8,65.8,14.1,30.3,32,35.2,38.5
Knoxville,4740000-47093002600,10.5,6.7,12.1,37,37.6,65.2,21.7,73.1,66.6,12.9,30.7,34.1,38.1,41.2
Knoxville,4740000-47093002700,11.1,7.8,12,38,39.3,72.6,19.2,76.8,67.3,14,30,32.4,34.9,38.8
Knoxville,4740000-47093002800,10.5,6.9,13.2,36.6,35.3,68.3,23.3,74,67.9,12.6,30.9,35.3,39.9,42.5
Knoxville,4740000-47093002900,11.7,7.6,13.4,40.2,39,70.7,20,75.9,68.3,12.1,31.8,35.1,40.4,41.7
Knoxville,4740000-47093003000,9.9,7.8,12,38.9,39.7,77.7,15.5,79.1,69.7,13.7,25.1,28.9,33.8,37.3
Knoxville,4740000-47093003100,9.1,8,12.7,41.9,40.7,81.5,13.1,81.8,72.7,13.5,22.3,27.3,32.8,36.5
Knoxville,4740000-47093003200,10.2,8.9,17.4,49.5,41.5,79.1,17.2,83,75.9,10.7,24.6,33.7,40.3,41.9
Knoxville,4740000-47093003300,6.6,6.9,11.9,43,40.6,86.6,8.3,83.5,75.8,13.3,15.1,20.5,30.7,34.1
Knoxville,4740000-47093003400,7.8,6.6,9.5,34.5,37.4,79.7,11.6,77.8,69,15.9,20.9,22.9,29.3,34.1
Knoxville,4740000-47093003500,5.2,3.8,5.5,21.5,26.7,63.4,11.7,66.7,64.1,19.3,18,18.4,23.4,31.9
Knoxville,4740000-47093003700,7.4,5.3,8.6,31.3,34.8,71.2,14.1,72.6,65.6,16.2,22.6,23.5,29.6,35.6
Knoxville,4740000-47093003801,6.3,4.5,7.2,26.1,29.9,67.5,14.8,68.2,64.4,16.4,21.5,22.8,27.8,35.5
Knoxville,4740000-47093003802,6.6,4.6,8.3,30.7,33,76.5,12.8,73,67.1,17.2,22.7,22.3,31,36.7
Knoxville,4740000-47093003901,8.4,6.7,10.7,36.1,37.6,77.6,14,77.6,69.2,14.7,23.5,26,31.9,36.7
Knoxville,4740000-47093003902,10.3,8,12.1,39.2,40.2,76,17.3,78.2,68.6,13.9,26.7,30.2,34.1,37.7
Knoxville,4740000-47093004000,8.4,6.4,9.8,34.1,36.6,75.1,15.6,75.7,67.6,15.4,23.4,25.9,31.5,36
Knoxville,4740000-47093004100,9.2,7.3,10.7,35.5,38,79.2,14.5,77.9,68.6,15.3,24.9,26.8,31.8,36
Knoxville,4740000-47093004200,7.9,6.8,9.8,35.8,38.4,82.5,11.3,79.1,70.1,15.4,20.7,22.9,29.4,34.1
Knoxville,4740000-47093004300,7.3,6,9.6,36.2,37.7,76.3,12.4,77.6,69.2,15.8,21.1,23.1,30.3,35.3
Knoxville,4740000-47093004401,5.5,5.7,8.2,33.7,37.3,86.7,6.9,80.5,72.1,16,13.3,16.3,24.8,30.1
Knoxville,4740000-47093004403,7.2,6.5,9.1,34.1,36.7,77.4,13.1,78.4,69.6,15.5,18.8,23.2,26.7,33.3
Knoxville,4740000-47093004404,5.8,6.1,8.3,33.3,36,81.2,9.2,79.7,71.2,15.6,14.1,18.7,24.1,30.7
Knoxville,4740000-47093004500,5.8,5.9,7.9,30.7,33.8,77.9,11.1,77.3,69.3,16.2,15.3,19.5,24.5,31.5
Knoxville,4740000-47093004606,11.4,11.6,16.9,59.5,52.9,95.5,5.6,93,88,3.7,8.5,27.5,24.8,25.2
Knoxville,4740000-47093004607,5.8,4.5,7.8,29.8,33.2,81.9,10.4,74.3,68.3,17.8,19.6,19.4,29,34.9
Knoxville,4740000-47093004608,7,5.5,8.9,31.8,34.5,80.5,12,75.3,68.3,16.6,21.9,22.2,31,36
Knoxville,4740000-47093004609,,,,,,,,,,,,,,
Knoxville,4740000-47093004610,9.2,9.4,12.1,41.2,40.5,77.6,15.1,80.4,70.6,13.8,20.8,27.8,29.7,35
Knoxville,4740000-47093004611,,,,,,,,,,,,,,
Knoxville,4740000-47093004613,7,4.9,8.3,32,35.4,75.9,13.2,73.6,66.4,16.9,23.4,22.9,30.5,36.1
Knoxville,4740000-47093004614,6.2,5.3,8.2,32.3,35.2,79.3,10.7,76.5,69,16.7,18.4,20.1,27.5,33.6
Knoxville,4740000-47093004615,8.2,6,9.5,33.6,35.6,73,15.2,74.1,66.9,14.9,24.2,26.2,32.4,36.8
Knoxville,4740000-47093004700,8.4,7.1,10.4,36.8,38.8,79.8,12.4,79.2,69.9,15.3,22.1,24.6,30.2,34.9
Knoxville,4740000-47093004800,9.2,7.4,11.1,37,38.6,80.2,14.2,78.8,69.7,14.5,23.7,26.7,31.8,36.1
Knoxville,4740000-47093004900,7.7,6.7,9.5,34.1,36.6,78.1,12.3,78,69.2,16,21.2,23.6,28.7,34.5
Knoxville,4740000-47093005000,9.6,7.9,11.3,38.6,40.4,79.5,13,79.6,69.8,14.2,23.4,26.6,31.6,35.4
Knoxville,4740000-47093005100,7.3,6.6,9.3,35.3,38.3,82.7,10.6,79.2,70.3,15.8,18.6,21,28.2,32.8
Knoxville,4740000-47093005201,,,,,,,,,,,,,,
Knoxville,4740000-47093005202,8,5.1,9.3,33.1,35.6,76.3,15.1,74.1,66.5,17.2,27.8,25.8,32.4,38.6
Knoxville,4740000-47093005301,6.9,4.8,8,30.6,33.2,74.1,13.2,72.7,67.9,16.2,23,23,30.5,36.8
Knoxville,4740000-47093005302,,,,,,,,,,,,,,
Knoxville,4740000-47093005401,6.7,3.9,7.8,29.6,32.6,71.6,18.2,66.8,63.1,18,28.4,26.2,34.6,39.5
Knoxville,4740000-47093005402,,,,,,,,,,,,,,
Knoxville,4740000-47093005501,,,,,,,,,,,,,,
Knoxville,4740000-47093005603,8.5,7.8,10.5,37.7,40,81.2,12.1,80.5,70.6,15.3,20.7,24.4,29,33.7
Knoxville,4740000-47093005604,12.1,12.7,15.4,52.3,48.2,91.1,9.3,89.2,80.8,7.3,14.6,30.3,27.4,29.8
Knoxville,4740000-47093005701,4.7,3.9,6,25.9,30.9,79.6,8.4,72.7,66.8,19.5,15.2,15.4,24.5,31.2
Knoxville,4740000-47093005704,3.8,2.6,4.6,20.7,25,73.7,10.2,63.3,64.3,20.7,17.3,15.6,24.6,33.7
Knoxville,4740000-47093005706,,,,,,,,,,,,,,
Knoxville,4740000-47093005707,,,,,,,,,,,,,,
Knoxville,4740000-47093005709,5.8,4.3,8.1,32.4,37,86.2,7.6,77.6,70.3,16.1,17.2,18,27,33.7
Knoxville,4740000-47093005710,,,,,,,,,,,,,,
Knoxville,4740000-47093005711,,,,,,,,,,,,,,
Knoxville,4740000-47093005712,8.2,12.4,13,52.5,46.2,92.3,7.5,90.2,83.3,7.1,7.8,24,20.2,25.1
Knoxville,4740000-47093005803,,,,,,,,,,,,,,
Knoxville,4740000-47093005807,6.3,4.8,8.5,33.2,37.1,83.9,8.9,76.4,69.2,16.1,18.1,19,28.9,34
Knoxville,4740000-47093006002,,,,,,,,,,,,,,
Knoxville,4740000-47093006102,,,,,,,,,,,,,,
Knoxville,4740000-47093006104,8,7,9.5,34.2,37.4,77.2,12.9,78.2,68.5,16.1,21.6,23.8,28.5,33.9
Knoxville,4740000-47093006207,8.1,7.1,9.6,33.8,36.6,80,12.2,79.7,70,15.4,20.3,23.6,27.6,33.2
Knoxville,4740000-47093006208,,,,,,,,,,,,,,
Knoxville,4740000-47093006600,10.3,7.5,12,37.4,39,73.4,16.9,76,66,14.5,28.3,29.7,35.4,37.9
Knoxville,4740000-47093006700,13.5,9.5,19.2,49.7,43.5,70.3,23.4,80.2,70.9,10.8,34,40.2,45.1,44.7
Knoxville,4740000-47093006800,11.7,7.7,18.5,48.1,39.7,70.4,23,79.2,73.5,9.8,32.3,39.6,46.6,46.7
Knoxville,4740000-47093006900,6,2.7,4,17,19.6,45.3,18,44.2,59.4,17,25.4,25,26.9,36
Knoxville,4740000-47093007000,11.3,7.5,15.5,41.4,36.9,69.9,22.3,75.9,70.3,11.4,31.7,36.8,43.5,44.6
Knoxville,4740000-47093007100,5.6,5.9,8.4,34.1,37.9,84.6,6.8,80.8,71.9,15.3,12.4,16.4,24.6,29.3
Memphis,4748000,18,13.8,29.6,84.8,70.4,149.2,39.6,149,145.2,23.4,49.2,63.7,81.5,82.2
Memphis,4748000-47157000100,3.2,2.5,5,20.5,24.9,75.8,8.5,67.7,64,18.2,13,14.1,24.1,31.8
Memphis,4748000-47157000200,12.6,8.5,20.8,49.7,38.7,68,28,79.8,74.4,8.7,34.5,44,51.3,48.7
Memphis,4748000-47157000300,14,10.8,25,56.3,43,72.5,27.7,83.7,76.7,8.1,33.3,45.6,52.6,48.3
Memphis,4748000-47157000400,15,11.2,25.8,57.1,44.2,69.4,30.3,83.7,75.7,7.7,34.8,48.6,53.4,48.4
Memphis,4748000-47157000600,13.7,11.1,25.2,59.6,45.4,72.8,26.1,85.3,78.1,8,30.5,44.9,50.6,47.1
Memphis,4748000-47157000700,9.8,7.8,18.8,50.1,39.6,73.7,20,82.5,76.5,9.4,25.2,35.3,45.4,44.1
Memphis,4748000-47157000800,15.8,11.7,26.3,57,44.4,69.5,30.8,83.8,76.5,7.2,34.8,49.5,52.6,48.3
Memphis,4748000-47157000900,14.4,11.4,26.1,58.2,44.5,73.5,26.4,85.2,77.9,7.4,30.9,46,51.9,47.2
Memphis,4748000-47157001100,11.1,7.5,14.8,42,39.5,65,28.3,76.1,66.9,11.8,31.7,38.5,43.4,42.5
Memphis,4748000-47157001200,11.6,8,13.8,37.6,38.6,70.1,25.4,76.6,65.7,12.1,30.5,36.7,39.4,39.8
Memphis,4748000-47157001300,12.8,8.3,19.4,48,40,66,30.6,78.7,70.9,9.3,35.5,44.7,49.8,47.1
Memphis,4748000-47157001400,13.1,9.1,21.3,48.7,39.9,68.8,30.7,80.4,72.5,9,34,45.4,50.1,47
Memphis,4748000-47157001500,11.7,9,20.5,53.1,42.9,74.6,21.4,83.9,75.8,9.1,27.8,38.1,46.7,44.3
Memphis,4748000-47157001600,5.3,4.5,6.7,25.1,30.3,71.1,9.3,75.1,66.9,17.9,15.1,17.3,24.5,30.9
Memphis,4748000-47157001700,6.6,5.4,11.7,38.8,35.1,78.9,13.3,80.1,72.7,13.8,19.6,24.1,35.2,37.8
Memphis,4748000-47157001900,13.1,9.9,23.8,57.4,43.7,72,25.8,84.2,77.2,8.2,31.6,44.1,51.2,47.7
Memphis,4748000-47157002000,12.4,8.7,21.1,50.9,39.8,69.3,26.3,81.3,74.6,8.5,32.4,42.8,50.1,47.3
Memphis,4748000-47157002100,12.3,8.6,20.3,49.1,39,69.6,25.8,80.5,74.2,8.5,31.1,41.2,49.3,46.4
Memphis,4748000-47157002400,11.4,8.5,20.2,47,39.5,69.6,29,80.5,71.5,10,30.3,41.2,48,45.2
Memphis,4748000-47157002500,9.3,7,14.9,41.6,38.1,75,18.4,79.8,70.4,11.5,25.2,31.7,40.4,40.6
Memphis,4748000-47157002600,5.6,4.7,7.7,29.8,34.3,80.9,8.6,76.7,67.4,16.6,16.1,17.5,28.3,31.6
Memphis,4748000-47157002700,8.8,6.1,12.6,38.5,37.2,69.1,21.3,75.7,67.5,12.1,26.6,32.1,38.9,40.7
Memphis,4748000-47157002800,11.8,9,19.6,50.4,41.3,70.2,24.4,81.8,75,8.9,28.7,39.7,46.3,44.5
Memphis,4748000-47157002900,5.5,5,7.4,29,33.3,81.4,8.5,77,67.5,16.4,15.3,17.4,27.2,30.7
Memphis,4748000-47157003000,11,10.2,16.9,46.7,40.9,79.5,17.5,84.4,75.1,9.6,21.6,33.6,37.7,37.8
Memphis,4748000-47157003100,4.8,4,6.6,26.3,30.4,75.9,9.2,73.8,66.9,17.9,15.2,16.5,26.6,31.6
Memphis,4748000-47157003200,7.6,7,11.4,36,36.2,77.3,12.3,80.3,69.4,13.8,18.7,24,32,34
Memphis,4748000-47157003300,5,4.4,7,27.8,33,83.2,7.5,76.1,67.5,17.4,14.5,15.5,27.2,30.6
Memphis,4748000-47157003400,7.7,5.6,10,32.3,33.8,74.2,15,74.6,65.9,14.8,23.4,24.9,34.7,36.8
Memphis,4748000-47157003500,5.8,4.9,8.5,31.5,34.1,81.6,9.8,77.4,69.1,15.9,17,18.9,30,33.2
Memphis,4748000-47157003600,10.8,8.5,17.5,44,40.3,74.4,23.1,80.3,68.7,11.2,28.9,36.2,42,42
Memphis,4748000-47157003700,13.7,11.9,23.3,50.4,42.9,72.3,23.4,84.4,73.6,8.9,28,40.9,45,42.3
Memphis,4748000-47157003800,8.8,6.9,16.1,40.7,36,73.8,18.4,79.1,70.5,11.1,26.2,32.2,41.8,43.1
Memphis,4748000-47157003900,12.5,9.2,22.1,53.4,42.2,73,23.8,83,73.7,9,31.9,41.1,50.4,46.6
Memphis,4748000-47157004200,3.6,3.2,6.3,26.5,28.5,79.6,8.2,72.5,66.9,19.5,13.5,14,28.1,32.6
Memphis,4748000-47157004300,3.9,3.5,6.7,27,29.8,82,7.5,74.8,68,17.6,12.7,14.2,27.6,31.8
Memphis,4748000-47157004500,9.1,5.3,15.4,45.1,34.4,65.7,23.2,76.1,74.5,9.5,29.5,36.7,48.6,47.7
Memphis,4748000-47157004600,12.9,9.7,21.8,51.7,41.7,72.6,24.9,82.9,75.4,8.6,30.6,41.8,48.4,45.5
Memphis,4748000-47157005000,15.1,11.8,26.5,58.6,45.4,70.5,28.9,84.5,76.8,7.5,34,48.1,52.9,48
Memphis,4748000-47157005300,12,10.1,23,56.6,42.8,74,23.6,84.6,78.1,8.2,28.3,41.5,48.7,46.2
Memphis,4748000-47157005500,11.5,8.8,21.2,55.4,43,69.7,24,82.9,77.1,8.9,28.9,39.9,48.8,46.7
Memphis,4748000-47157005600,11.6,9.8,23.1,55.9,42.5,78.2,21.8,85.8,79.4,8.3,25.9,39.2,47.6,44.9
Memphis,4748000-47157005700,10.7,8.6,20.9,52.8,40.3,75.7,22.5,83.6,77.2,9.4,28.2,39,48.1,46.3
Memphis,4748000-47157005800,13.5,10.5,24.2,56.4,43,70.9,27.3,83.4,76.6,8.2,32.7,45.3,51.8,48.2
Memphis,4748000-47157005900,13.7,10.8,25.3,56.5,43.1,72.6,25.8,84.2,77.1,7.7,31.8,45.6,52.8,48
Memphis,4748000-47157006000,12.7,10.3,23.8,57,43.5,73.1,24.2,84.5,77.9,8.1,29,42.6,49.7,46.6
Memphis,4748000-47157006200,11.6,9.3,21.8,53.5,41.2,75.3,23.3,83.8,77.2,9,28.5,40,48.1,46
Memphis,4748000-47157006300,6.1,4.7,9,31.6,32.2,77.1,12.1,75.5,67.5,16.1,20.6,22,33.1,35.9
Memphis,4748000-47157006400,10.3,9,21.1,54.1,41,79.6,19.2,85.4,79,9,23.9,36.1,46,44.2
Memphis,4748000-47157006500,10.8,8.7,20.9,53,40.2,74.6,21.9,83.5,77.8,8.7,26.6,38.6,47.9,45.7
Memphis,4748000-47157006600,6.6,4.7,9.7,33.1,32.4,74.3,13.6,75.4,67.9,14.9,21.6,23.7,34.9,37.2
Memphis,4748000-47157006700,13.4,10.1,23.9,55.6,42.4,70.9,26.8,83.1,76.4,8,32.5,45.1,52.3,48
Memphis,4748000-47157006800,13.5,10.9,25.2,58.9,45,72.7,24.8,85.3,78,7.6,30,44.3,51.3,46.9
Memphis,4748000-47157006900,12.2,9.7,23.6,56.6,43.2,75.6,22.6,84.9,78.2,8.3,28.1,40.9,50.1,46.2
Memphis,4748000-47157007000,9.8,6.6,15.3,42,35.6,68.6,22.8,76.8,71.1,11.4,30.2,35.7,45.1,44.7
Memphis,4748000-47157007100,6.2,5.6,10.3,37.4,37.2,82.1,9.9,80.8,71.9,14.1,16.6,20.6,32,33.8
Memphis,4748000-47157007200,4.3,4.3,6.3,27,31.7,81.4,6.9,76.3,67.4,17.6,12.1,14.2,24.8,28.9
Memphis,4748000-47157007300,7.5,6.1,9.2,29.3,31.7,61.1,15.6,72.8,69.1,13.2,19.1,25.7,29.7,35.6
Memphis,4748000-47157007400,5.4,3.5,5.9,22.5,27,65.2,13,64.9,62.1,18.3,20,19.8,28.2,34.2
Memphis,4748000-47157007500,13.1,10.9,25.2,57.9,44.1,76.1,24.4,86,78.9,7.7,28.4,43.6,50,46
Memphis,4748000-47157007810,11.2,9.4,21.3,51.8,40.3,73.7,24.6,83.3,76.6,8.9,27.1,39.7,47.3,45.2
Memphis,4748000-47157007821,13.5,11,24.6,57,44.1,71.5,25.6,84.7,78,7.4,29,44.6,49.8,46
Memphis,4748000-47157007822,12.1,10,22.4,52.7,42.2,73.3,27,83.7,75.4,8.6,28,42.2,48.4,44.7
Memphis,4748000-47157007900,11.6,8.7,21.3,53.1,41.4,73.3,23.2,83.2,77,8.8,29.1,39.9,48.7,46.3
Memphis,4748000-47157008000,10.1,7.5,15.8,45,38.9,72.7,20.1,80.2,72.2,11,26.9,34.3,43.1,42.4
Memphis,4748000-47157008110,10.5,7.3,18.3,46.7,38.8,66.9,28.5,79,71.9,10,30.4,40.2,48,45.9
Memphis,4748000-47157008120,12.4,9.4,22.5,55.5,43.2,75,23.6,84.6,77.5,8.5,29.1,40.6,48.6,45.9
Memphis,4748000-47157008200,10.8,6.7,16.6,44.4,38,62,31.8,75.9,69.3,10.4,33,41.9,47.6,46.2
Memphis,4748000-47157008500,5.7,6.8,8.9,36.3,39.4,89.8,5.7,84.3,74.4,12.9,10.1,16.2,24.4,26.9
Memphis,4748000-47157008600,6,5.6,8.5,32,35.6,82.5,10.2,78.6,69.2,15.3,15.6,19.1,28.6,31.4
Memphis,4748000-47157008700,9.9,7.7,11.7,35.6,38.4,73.8,20.8,77.7,66,13.5,25.2,30.8,34.2,36
Memphis,4748000-47157008800,14.2,9.5,15.8,39.3,41.7,61.5,36.4,74.7,62.4,10.9,34.7,44.8,43.3,40.7
Memphis,4748000-47157008900,13.3,9.2,17,41.6,41,62.5,36.3,75.4,64.2,10.7,34.2,44.7,45.6,42.6
Memphis,4748000-47157009100,13,9.1,14.4,37.4,41.1,63.5,34.5,75.4,62.6,12,32,41.7,39.4,39.1
Memphis,4748000-47157009200,5.3,5.2,7.5,30.9,34.9,83.4,7.9,79,69.6,16,13.6,16.6,25.5,30.1
Memphis,4748000-47157009300,6.6,6.3,8.8,34.9,36.8,78.3,11.8,79.5,69.4,15.8,16.8,21,28.4,32.2
Memphis,4748000-47157009400,6.8,6.3,8.9,33.4,36.2,81.3,10.4,79.7,69.2,15.4,17,20.6,28.5,31.5
Memphis,4748000-47157009500,6,5.9,8.1,31.9,35.3,83.3,9,79.9,69.8,16.1,15.1,18.4,26.4,30.3
Memphis,4748000-47157009600,6.3,7.2,9.4,36,39.3,88.4,6.9,83.8,73.3,13.3,12.2,18,25.4,28
Memphis,4748000-47157009700,9,6.3,12.6,38.7,36,71.2,22.8,76.8,69.4,12.5,26.7,32.9,39.6,41
Memphis,4748000-47157009800,11,8.5,12.6,38.2,40.2,71.3,22.9,78.1,66,13,27.1,33.5,35.5,36.9
Memphis,4748000-47157009901,13.2,8.6,16.3,43.7,40.5,64.3,28.8,76.8,67.7,10.6,34.6,41.6,45.2,43.6
Memphis,4748000-47157009902,11.4,7.8,17.4,48.1,40,68.8,23.8,79.6,73.2,9.9,30.9,38.6,46.6,45.1
Memphis,4748000-47157010000,10.5,7.1,17.7,48.5,38.7,70.2,23.1,80.2,74.9,9.7,30.1,38.3,47.6,46.4
Memphis,4748000-47157010110,13.9,8.5,19.7,48.4,39,65.2,29.8,78.4,72.8,8.4,37.4,46.4,51.5,48.6
Memphis,4748000-47157010120,11.6,7.6,17.8,46.6,38,68.6,25.3,79,73.7,9.1,32.1,40.9,48.1,46.5
Memphis,4748000-47157010210,10.2,6.7,16.9,47.6,37.9,69.3,23.2,79.3,74.5,9.9,30.2,37.6,47.3,46.5
Memphis,4748000-47157010220,10.9,8.2,18.9,49.4,39.7,74.2,21.1,82,75.8,9.2,27.8,37.6,46.5,44.7
Memphis,4748000-47157010300,11.9,7.9,20.3,49.4,38.7,70.7,26.1,80.6,75,8.9,32.3,41.9,50.2,47.7
Memphis,4748000-47157010500,11.9,9.3,19,49.2,41.5,68.5,29.3,81.1,72.9,9.7,30.2,42.1,45,44.4
Memphis,4748000-47157010610,9.2,5.7,14.7,40.2,34.5,66,29.8,74.6,69.4,11.3,31,38.9,46.1,45.7
Memphis,4748000-47157010620,9.1,4.9,13.6,41.2,33,60.2,28.8,72,70.5,10.8,32.9,38.8,47.2,47.5
Memphis,4748000-47157010630,10.3,5.7,15,40.3,34.3,59.7,34.8,72.3,68,10.6,34.6,42.5,47.8,47
Memphis,4748000-47157010710,8.2,6.4,14.2,42.3,36.5,75.2,20.6,79.7,73.2,11.3,24.1,31.9,40.4,42.3
Memphis,4748000-47157010720,10.2,7.2,16.3,45.9,37.4,69.8,23.7,78.5,73.3,9.9,29.2,37.4,46.2,45.4
Memphis,4748000-47157010810,8.8,5.6,14.7,42.1,34.5,69.7,23.4,76.6,72.6,10.7,28.7,35.6,45.5,46
Memphis,4748000-47157010820,8,6.2,15.1,44.5,36.4,77.4,18.2,80.9,75.4,11,23.2,30.8,42.3,42.9
Memphis,4748000-47157011010,10.8,7.1,15.6,43.2,37.7,71.3,24.3,78.6,71.4,10.5,30,37.3,44.3,43.8
Memphis,4748000-47157011020,8.1,5.6,14.5,44.7,35.7,71.5,20.5,78.2,74.1,11.6,26.4,32.2,44,45.2
Memphis,4748000-47157011100,14.1,11.1,25.5,57.4,43.9,72.6,27.4,84.5,77.3,7.8,31.9,46.2,51.6,47.5
Memphis,4748000-47157011200,15,11.3,26,57.6,44.6,70.9,28.3,84.4,76.8,7.5,33.7,47.2,52.5,48.1
Memphis,4748000-47157011300,10.4,7.9,18.9,48.1,38.7,71.4,22.2,80.4,72.5,10.1,29.8,37.4,47.4,45.4
Memphis,4748000-47157011400,10.7,6.5,16,43.9,34.9,58.2,31.1,71.3,67.8,12,38,41.1,49.6,48.4
Memphis,4748000-47157011500,13.8,10.4,25.1,56.2,43.1,71.8,26.6,84,77.1,7.6,32.4,46.3,52.9,48
Memphis,4748000-47157011600,13.7,10,23.2,53.4,41.9,67.2,28.4,81.6,75.7,8,33.7,46,51.8,48.4
Memphis,4748000-47157011700,12.7,10.8,24.3,57.8,44.5,74.3,23.1,85.6,78.8,7.7,27.1,41.7,48.9,45.3
Memphis,4748000-47157011800,9.2,6.5,12.1,36.6,35.8,70.2,24.1,75.3,67.4,13,26.9,32.5,38.6,39.9
Memphis,4748000-47157020511,8.2,7,15.5,47.4,38.8,80.9,15.1,83.4,77.4,10.6,20.7,28.8,40.5,40.8
Memphis,4748000-47157020512,10.1,7.2,16.2,45.9,37.9,70.4,22.9,79.4,74.4,10.2,28.2,36.3,44.4,44.4
Memphis,4748000-47157020521,9.8,5.7,15.6,43.5,34.5,68,23.5,76.4,73.4,10,31.4,37.9,48.3,47.4
Memphis,4748000-47157020523,11,6.5,16.2,43.7,35.5,66.9,26.5,76.2,72.4,9.8,33.4,40.4,48.5,47.3
Memphis,4748000-47157020524,9.2,6.2,15.9,44.7,35.7,72.9,21.8,78.8,74.3,10.7,28.7,35.2,46.3,46
Memphis,4748000-47157020531,5.9,4,8.5,28.1,31.4,62.5,31.5,65.9,61,15.6,22.2,30,36.8,37.9
Memphis,4748000-47157020532,8,7,14.2,45.2,37.7,78,16.6,81.7,76.2,11.1,21.2,29.3,39.3,40.7
Memphis,4748000-47157020541,8.6,6.6,13.9,42.9,36.6,77.2,18,80.2,74.4,11.5,24.1,30.8,40.7,41.7
Memphis,4748000-47157020542,7.9,4.9,12.3,38.2,31.9,68.6,21.3,74,72.2,11.5,27.2,32.6,43.8,44.8
Memphis,4748000-47157020610,6.7,4.6,10.1,34,30.9,74.7,16.9,74.1,71,13.4,23.4,26.7,38.1,41.1
Memphis,4748000-47157020621,7.3,5.2,11.7,37.9,33.2,72.8,18.1,76,72,12.5,23.6,28.4,40.2,41.9
Memphis,4748000-47157020622,5.8,4.8,8.7,31.2,31,73.9,15.8,74.1,69.3,16.2,19.8,22.7,32,37
Memphis,4748000-47157020644,7.3,6.8,12.1,41.6,37.9,83.3,13.5,82.8,76.5,11.9,17,24.6,33.7,36
Memphis,4748000-47157020651,9,7.3,14.1,43,38.4,78.9,16.7,81.3,73.7,11.3,23.1,29.9,39.5,39.9
Memphis,4748000-47157021010,4.8,3.5,7,28.4,29.4,77.7,11.3,72.4,68.2,17.3,17.9,18.4,31,35.9
Memphis,4748000-47157021111,7.5,5.1,10,32.1,32.4,72,19.8,72.7,66.6,14.4,25.5,28.3,37.1,39.5
Memphis,4748000-47157021112,7.6,5.3,9.6,33.1,35.4,71.2,19.3,74.1,65.4,15.6,25,27.4,34.7,37.5
Memphis,4748000-47157021113,6.2,4.1,8.5,30.2,31.3,74.9,15.6,72.7,67,15.9,22.5,23.8,34.2,38
Memphis,4748000-47157021121,6.5,5.5,9,33.2,32.4,75.4,14.8,75.6,70.8,14.7,19.9,23.8,32.6,37.2
Memphis,4748000-47157021122,7.1,5,9.6,30.8,32.2,73,17.8,73.1,67.1,14.5,23.5,26.7,35,38.2
Memphis,4748000-47157021125,6.3,5.5,9.1,32.1,33.6,78.4,11.7,77.7,69.1,14.7,17.5,21.7,29.8,33.9
Memphis,4748000-47157021126,4.5,3.5,6.3,25.8,29.2,77.5,10.7,72.2,67.1,18.1,16.6,17.3,27.1,34
Memphis,4748000-47157021135,5.7,4.4,8,30.6,32.4,77,12.2,74.8,68.5,15.9,18.7,20.7,30.8,35.6
Memphis,4748000-47157021136,5.9,5.2,9.2,34.3,36.6,85.1,8.7,80,71.6,14.8,15.6,18.5,29.9,33.1
Memphis,4748000-47157021137,5.6,4.6,8.2,30.7,33.1,80.7,10.6,76.3,69.1,15.7,17.2,19.6,30.1,34.5
Memphis,4748000-47157021138,5.3,4.5,8.1,30.4,33.1,81.6,9.7,77,69.7,15.5,15.9,18.3,29,33.8
Memphis,4748000-47157021139,10.3,14.2,14.6,58.1,49,94.4,7.3,93.2,88,3.2,5.2,28.2,18.8,22
Memphis,4748000-47157021140,6.3,5.2,8.5,30.3,33.2,79.8,11.5,76.3,68.9,15.9,18.6,20.7,30.7,34.6
Memphis,4748000-47157021141,5.5,4.5,8.8,32.2,33.2,81.5,10.8,77.2,70.4,15.3,17.3,19.9,31.3,35.7
Memphis,4748000-47157021142,6,5.5,8.8,32.5,35.1,83,9.8,79.4,71.2,15.6,16.2,18.8,29.3,32.9
Memphis,4748000-47157021200,5.9,3.4,8.4,32.5,26.8,61.3,28.7,61.2,63.9,18.6,33.9,30,41.5,45.8
Memphis,4748000-47157021311,6.2,7.3,9.9,39.7,41.5,88.8,6.7,85.4,75.8,12.1,10.8,17.6,24.8,27.6
Memphis,4748000-47157021312,4.8,4.4,7.1,28.3,32.2,80.4,9,76.4,68.4,16.8,14.3,16.5,25.7,31.6
Memphis,4748000-47157021320,6.3,6.3,9.5,34.5,36.4,85.2,9,81.5,73,13.6,14.2,19.2,28.4,31.3
Memphis,4748000-47157021331,7.3,7.3,11.3,39.3,39.3,84,9.9,83.2,73.8,12.2,15.2,22.1,30.6,32.2
Memphis,4748000-47157021333,6.6,5.8,10.6,37,36.3,80.4,12.1,79.6,72.4,13.3,17.5,22.6,33.4,35.6
Memphis,4748000-47157021334,7.4,6.1,11.5,38.2,34.5,75.8,16.6,78.1,72.7,12.2,20.8,27.4,37.1,39
Memphis,4748000-47157021342,4.3,3.9,9.1,33.8,30.8,82.1,10.1,78,73.7,14.4,14.2,18.1,32.1,36.8
Memphis,4748000-47157021510,,,,,,,,,,,,,,
Memphis,4748000-47157021710,6.6,4,10.6,36.3,29.9,65.8,22,70.9,71.2,12.6,26.3,30.5,42.4,44.6
Memphis,4748000-47157021721,9.1,6.1,14.4,42.8,35.2,66.1,25,75.7,72,10.5,28.7,36.5,45.3,45.2
Memphis,4748000-47157021724,6.6,4.6,12,38.8,32.4,73.7,19.9,76.4,73,12.6,23.9,29.2,41,43.5
Memphis,4748000-47157021725,5.6,3.1,9.2,33.1,27.1,65.9,21.4,67.8,70.4,13.5,25.1,28.2,41.4,44.4
Memphis,4748000-47157021726,10.6,10.3,15,45.3,38.2,71.4,24.1,80.2,75.3,9.2,22.5,36.8,39,40.4
Memphis,4748000-47157021731,8.3,5.4,14,40.8,34.5,66,27.6,75.1,70,11.7,28.5,35.8,44.7,44.7
Memphis,4748000-47157021732,6.8,4.1,11.7,38,30.9,68.8,21.9,73.2,71.7,12.4,26.2,31,43.8,45
Memphis,4748000-47157021741,7.9,4.9,13.8,40.5,32.9,71.1,22.9,75.6,71.7,11.3,27.7,34,46.6,45.7
Memphis,4748000-47157021744,6.4,4.8,11.8,39.1,33.2,79,16.9,78.4,74.1,13.3,21.8,26.2,38.9,41.8
Memphis,4748000-47157021746,6.6,4.4,12.1,39.8,32.4,74.4,18.1,76.7,74,12.3,23.8,28.6,42.1,43.9
Memphis,4748000-47157021747,6.6,4.5,12.3,38.1,31.4,76,19.5,76,72.7,12.7,24.6,29.1,42.9,44.2
Memphis,4748000-47157021751,,,,,,,,,,,,,,
Memphis,4748000-47157021754,6.1,4.2,11.5,38.3,31.5,74.9,17.9,75.8,73.2,12.7,22.8,27.5,41.8,43.3
Memphis,4748000-47157021900,8.7,6,16.7,46.9,36.2,74.4,20.6,80.3,75.8,10.5,27.6,34.5,46.9,46.4
Memphis,4748000-47157022022,11,7.3,19,48.5,37.6,67.7,25.8,78.9,74.2,9,32.7,41.2,51,48.4
Memphis,4748000-47157022023,7.4,5.3,14.4,43.2,33.6,74,18.5,78.3,75.7,11.5,24.8,30.2,44,45.2
Memphis,4748000-47157022024,8.6,7,17.8,48.9,38,79.7,16.8,83.2,78.1,9.9,23.1,31.9,45.1,44.1
Memphis,4748000-47157022111,9.6,7.7,17.8,49.3,38.7,73,21,82.1,77.2,9.5,25.2,35.7,44.2,44.4
Memphis,4748000-47157022112,8.9,5.9,15.8,45.7,35.4,70.2,22.2,78.3,74.9,10.4,28.7,35.5,46.8,46.7
Memphis,4748000-47157022121,7,6.1,15.6,48.1,37.6,81.5,13.9,83.8,78.8,11,19.5,27.1,41.1,42
Memphis,4748000-47157022122,7.5,5.6,15,44.4,34.8,74.7,17.8,79.6,76.3,11,24,30.7,44.4,44.7
Memphis,4748000-47157022130,8,5.8,15.5,45.2,35.5,75.8,18.9,80.3,76.2,10.9,25.1,32,44.5,44.9
Memphis,4748000-47157022210,11.4,9,22.2,54.5,42,76.2,22.3,84.5,78.2,8.7,27.8,39.3,48.7,45.9
Memphis,4748000-47157022220,10.7,9.2,21.3,53.3,40.6,77.6,21.1,84.7,78.6,8.8,25.3,37.8,46.4,44.8
Memphis,4748000-47157022310,11.5,9,21.7,54.5,42,73.5,23.7,83.8,77.7,8.5,28.3,40.3,48.5,46
Memphis,4748000-47157022321,10,7.6,19.8,51.4,39.4,75.1,20.7,82.9,77.6,9,26.6,36.7,48.3,45.9
Memphis,4748000-47157022322,9.8,8.1,20.5,53.8,41.3,79.7,18.1,85.2,79.3,9.2,24,34.6,46.5,44.4
Memphis,4748000-47157022330,9.9,8.1,20.1,52.7,41.1,76.2,20.3,84.2,78.2,9.4,25.1,36,46.1,44.6
Memphis,4748000-47157022410,8.9,7.5,18.1,51.3,40.1,79.2,17.9,84.3,78,10.1,23.2,32.5,43.6,43.2
Memphis,4748000-47157022500,9.8,7.9,18.2,48.5,39.9,74.8,21.6,82.3,75,10,25,34.9,45,43.3
Memphis,4748000-47157022600,8.1,5.2,13.3,41.8,34.2,68.8,22.8,75.9,72.5,11.6,27.3,32.9,44.1,44.9
Memphis,4748000-47157022700,11.3,8.4,21.1,52.6,40.8,74.5,22.5,83.4,77.5,8.8,28.5,39.3,48.6,46.2
Memphis,4748000-47157980100,12.4,6.3,14.4,40.4,35.7,56.3,31.8,71.1,60.8,13.6,44.4,42.7,48.3,46.5
Memphis,4748000-47157980200,,,,,,,,,,,,,,
Memphis,4748000-47157980400,6.4,2.2,6.8,27.5,25.2,65.4,21.2,67.1,70.1,12.1,29.5,30.1,36.8,43.8
Murfreesboro,4751560,14.1,11.1,18.3,62.4,66.6,151.3,27.4,135.6,137.4,32.5,42.8,49.4,61,75.5
Murfreesboro,4751560-47149040302,6.5,4.6,8.2,30.5,34.2,77.2,14.8,73.9,67.4,17.3,23.4,25.5,30.1,39.1
Murfreesboro,4751560-47149040701,4.5,2.7,5,21.7,26.4,70.3,12.8,62.3,64.1,21.1,21.8,19.8,27.2,38
Murfreesboro,4751560-47149040702,5.9,3.5,6.5,26,30.6,77.2,13.1,67.7,65.1,19.2,25.3,22.5,31.4,39.3
Murfreesboro,4751560-47149040808,5.2,3.5,6.8,26.9,31.4,78.7,11,69.6,66.7,18.7,21.1,20.5,30,38.3
Murfreesboro,4751560-47149040901,5.7,4.3,7.2,26.3,32.1,76,13.5,71,66.1,19.2,21.5,22.2,28,37.6
Murfreesboro,4751560-47149040902,4.2,2.7,5.2,22.2,27.2,76.3,10.6,65.3,65.5,20.6,19.1,17.9,27.1,37.2
Murfreesboro,4751560-47149040903,4.9,3.3,6,24.4,29,74.4,12.2,67.6,65.7,19.9,21.1,20.4,28,37.8
Murfreesboro,4751560-47149040904,6.2,4.9,8.4,31.5,35.8,80.2,10.7,75.8,69.3,17.1,19.5,21.6,28.9,36.9
Murfreesboro,4751560-47149040905,5.4,3.9,6.7,25.7,30,75.8,12.3,69.7,66.8,19.1,20.8,20.8,28.3,37.6
Murfreesboro,4751560-47149041000,5.5,3.9,7.1,28,32.9,79.3,11.1,71.8,67.6,18.6,20.8,20.9,29,37.7
Murfreesboro,4751560-47149041101,5.6,4.3,7.7,28.4,33.4,82.3,10,73.8,69,17.7,19,20.3,29,36.7
Murfreesboro,4751560-47149041201,5.9,5,8.2,31.3,36.1,82.4,10,76.2,69.6,17.4,18.9,20.4,28.2,36.1
Murfreesboro,4751560-47149041202,,,,,,,,,,,,,,
Murfreesboro,4751560-47149041301,6.2,6.2,9.4,35.1,40.2,87.7,7,81.4,73.7,15.2,14.3,18.8,26.4,32.7
Murfreesboro,4751560-47149041302,7,7,9.8,35.3,39,84.3,9.6,81.1,73.1,14.9,16.1,22,26.9,33.6
Murfreesboro,4751560-47149041401,6.6,5.1,8.2,29,33.8,71.8,12.5,73.9,68.2,16.7,20,23.2,28.4,36.6
Murfreesboro,4751560-47149041402,6.8,4.4,7.6,24.7,28.8,65.6,16.6,66.8,65.4,17,24.3,26.1,31.1,39.4
Murfreesboro,4751560-47149041403,6.5,4.6,7.4,25.2,29.9,65.7,14.2,68.2,65.8,17.1,21.7,24.1,29.3,37.7
Murfreesboro,4751560-47149041500,4,1.1,2,9.8,10.5,51.5,17.7,23.4,62.8,18.7,22.3,22.8,25.9,39.2
Murfreesboro,4751560-47149041600,8.3,6.2,9.7,31.4,35.1,67,17.5,73.3,66.7,16,24,28.2,31.1,38.1
Murfreesboro,4751560-47149041700,8.8,7,11,34.7,38,75.2,14.9,76.9,68.8,14.9,23.6,28.1,32.7,38.2
Murfreesboro,4751560-47149041800,9.5,6.1,10.9,34.7,36.5,65.4,21.8,71.2,65.8,15.3,31.5,33.6,36.7,43.1
Murfreesboro,4751560-47149041900,10,7,14.1,38.4,37.8,65.7,23.3,75.8,68.9,13.1,29.3,36.3,38.7,43.6
Murfreesboro,4751560-47149042000,7.1,6.3,10.1,34.5,38,78.9,13.4,78.3,70.4,15.3,18.7,24.1,29.8,36.3
Murfreesboro,4751560-47149042100,6.9,4.5,8.2,26.4,30.4,61.3,18.7,66.4,65,16.5,24.8,27.9,31,39.9
Murfreesboro,4751560-47149042300,5,2.9,5.7,24.1,28.1,73.2,14.1,64.4,64.3,20.3,23.9,21.7,30,39.5
Nashville,4752006,14.6,11.8,20.7,68.1,69.5,151.5,30.9,141,138.5,32.1,43.5,52.9,63.8,79
Nashville,4752006-47037010103,8.9,7.8,10.8,37.8,42.4,83.5,11.1,81.4,70.6,16,21.7,25.2,29.6,36.2
Nashville,4752006-47037010104,9.3,8,11.4,37.8,42.1,82.6,12,81.4,70.4,15.6,23.1,27.1,30.6,37.1
Nashville,4752006-47037010105,7.6,7,15.9,47.6,40.8,82.4,13.5,84.6,78.4,12.4,19.8,28.3,37.5,43.1
Nashville,4752006-47037010106,8.8,6.8,14.4,44.3,38.7,75.4,18.2,79.9,74.2,12.7,26.2,33,40.3,45.9
Nashville,4752006-47037010201,7.1,6.3,11.2,38.8,38.7,80.5,12.7,80.5,73.2,15.3,19.6,24.8,32.6,39.7
Nashville,4752006-47037010202,8.9,7.8,11,38.2,42.8,83.3,11.1,81.7,70.9,16,21.4,25.2,29.4,36.2
Nashville,4752006-47037010401,10.6,8,12.6,37.1,39.6,71.7,23,77.1,68,14.2,28.3,34.8,35.6,42.1
Nashville,4752006-47037010402,12.8,8.4,15.1,40.4,41.6,65.6,27.8,76,66.6,12.6,35.1,42.1,42.1,45.7
Nashville,4752006-47037010501,9.5,7.3,10.7,36.6,40.8,77.7,14,78.8,68.3,16,24.8,27.7,31.7,38.4
Nashville,4752006-47037010502,7.9,5.8,10.3,33.5,37.1,78.5,13.9,77,68.1,16.7,24,26.5,32.5,39.9
Nashville,4752006-47037010601,7.6,6.2,10.3,35.9,37.8,76.7,17.1,78,70.1,16,22.6,27.6,31.9,40.1
Nashville,4752006-47037010602,9,6.9,12.8,39.7,39.1,73.3,20.1,78.4,70.3,14,26.1,32.6,37,43.1
Nashville,4752006-47037010701,10.7,7.4,13.1,37.8,39.6,70.5,22.4,76.2,66.8,14.1,30.9,36,38.7,43.6
Nashville,4752006-47037010702,14.7,11.7,18.1,46.1,45.7,71.4,26.3,81.7,70.7,11,30.3,42.9,39.9,43.3
Nashville,4752006-47037010801,8,6.3,11.1,37.5,38.1,75.6,16.4,78.4,71.1,15.2,23.3,28.5,34.1,41.6
Nashville,4752006-47037010802,10.2,9.9,14,43,42.9,82.9,14.6,84.1,74.4,12.3,20.2,30.8,31.5,37.5
Nashville,4752006-47037010901,7.3,6.5,10.7,38.5,39.2,79.1,13.1,80.1,72.4,15.9,20.2,24.9,31.4,39.2
Nashville,4752006-47037010903,9.4,6,15.4,44,37.3,68.8,23.7,77.2,72.7,12.2,31.1,38,45,49.8
Nashville,4752006-47037010904,10.3,7.6,18,46.9,39.6,73.5,21,81.4,76.8,10.4,27.8,38.1,43.9,48.2
Nashville,4752006-47037011001,11,7.7,16,42.9,40.1,70.5,23.6,79,71.1,12.3,31.2,38.8,41.6,46.8
Nashville,4752006-47037011002,8.1,6.5,11.5,37,37.3,76,16.1,78.2,71.2,14.8,23.3,28.6,34.1,41.4
Nashville,4752006-47037011100,7.9,6.7,9.8,35.5,39.3,78.9,13,78.5,68.9,16.7,22,25.3,30,37.6
Nashville,4752006-47037011200,7.3,5.6,9.4,33.6,36.5,76.8,13.4,76.2,68,17.2,23,24.9,31.7,39.3
Nashville,4752006-47037011300,9.4,6.6,13.4,40.1,39.5,69.9,22.8,77.3,69.1,14.3,28.8,34.7,38.3,44.5
Nashville,4752006-47037011400,7.3,5.7,12.3,39.7,37.2,72.4,16.1,78.5,71.5,14.8,23.4,28.6,36.4,43
Nashville,4752006-47037011500,7.1,6.2,10,36.1,38.1,79.6,11.9,79.3,70.6,16.6,20.6,24.2,30.3,38.2
Nashville,4752006-47037011600,6.7,5.9,10.1,36.1,37.4,79.3,11.8,79,70.6,16.6,19.9,23.6,31.3,38.8
Nashville,4752006-47037011700,5.6,4.2,8.2,30.3,32.6,71.2,13.7,72.8,67.2,19.6,21.4,22.6,30.6,39.7
Nashville,4752006-47037011800,10.4,7.1,16.8,43.2,36.8,71.9,23,78.9,73.3,11.4,30.5,38.4,44,48.6
Nashville,4752006-47037011900,7.3,5.4,12.6,38.6,35.5,68.6,19.5,76.4,70.4,14.8,25.5,31.1,38.5,44.9
Nashville,4752006-47037012100,5,4,6.5,27.1,32.7,79.4,9.4,72.9,66.2,20,17.7,18.1,26.8,35.7
Nashville,4752006-47037012200,5.1,4,6.8,26.5,31.7,78.5,10.3,72.3,66.2,20,18.5,18.7,27.5,36.3
Nashville,4752006-47037012600,10.5,6.8,16,41.3,36.8,69.4,24.3,77.5,71.4,12.5,32.5,38.9,43.6,48.5
Nashville,4752006-47037012701,11,8.6,20.4,50.2,41,74.1,21.9,82.7,77.3,9.9,28.2,40.1,46.1,49
Nashville,4752006-47037012702,8.5,7.6,17.2,48.9,40.5,78.8,16,83.5,77.7,11.7,22.5,32.2,40.6,45.8
Nashville,4752006-47037012801,11.2,9.8,21.4,53.3,44.1,76.9,19.5,84.8,78,9.8,25.8,38.4,44.6,47.2
Nashville,4752006-47037012802,11.3,8.8,18.1,46.9,41,76.4,20.1,83,75,10.6,28.4,38.7,41.6,46.3
Nashville,4752006-47037013000,5.5,4.6,8.3,39.7,37.2,65.5,19.4,69.3,64.3,25.9,29.9,23.9,34.5,45.1
Nashville,4752006-47037013100,8.8,7.1,11.7,37.8,39.9,79.4,14.5,79.7,70.4,15.3,24.2,28.3,32.9,40.2
Nashville,4752006-47037013201,8,7.1,10.6,36.7,41.7,78.1,13.8,80.6,69.7,15.3,21.1,26.8,26.9,37.4
Nashville,4752006-47037013202,8.2,5.9,9.4,32.3,37.7,74.6,16.4,75.4,66,17.6,25.6,27.5,30.8,39.4
Nashville,4752006-47037013300,8.6,6.2,10.3,33.3,37.6,70.2,19.1,74.2,65.3,16.1,26.2,29.9,33.7,40.2
Nashville,4752006-47037013400,4,3.4,5.2,23,30.1,80.6,7.3,71.5,65.8,21.4,14.5,14.7,23.6,33.3
Nashville,4752006-47037013500,5.4,3.7,7.4,27.1,29.6,69.2,13.4,69.8,65.6,18.4,21.1,22.4,30.3,39.1
Nashville,4752006-47037013601,8.9,6.1,14.7,41,35.3,63,23.2,75.2,73.8,11.6,29.2,37.5,42.6,49.1
Nashville,4752006-47037013602,4.6,2.4,5.6,22.6,18.9,47.4,20.5,49.9,72.1,14.1,22.1,28.5,33.1,46.1
Nashville,4752006-47037013700,10.2,8.3,18.6,48.8,40.7,73.5,20.5,82.5,76.5,10.4,26.1,37.5,42.7,47.2
Nashville,4752006-47037013800,10.5,8.5,20.4,52,41.3,75.4,21.8,83.1,77.7,10.4,28.7,40.3,46.3,49.8
Nashville,4752006-47037013900,13,9.8,23,53,42.4,72.7,25,82.8,76.4,9.3,33.2,45.2,49.9,51.5
Nashville,4752006-47037014200,9.5,6,15.2,41,35,61.3,23.8,74.2,73.6,10.7,30.5,39.3,44.7,50.4
Nashville,4752006-47037014300,9.9,7.6,18.7,49.4,39.9,75.4,20.9,82.1,76.4,11,28.4,38,45,49.4
Nashville,4752006-47037014400,8.2,5.6,14.2,41.8,35.7,70.1,19.1,77.8,73.9,11.4,25.3,33.7,41.9,46.9
Nashville,4752006-47037014800,14,7.4,19.1,46.8,38.7,57.2,34.4,75.2,72.1,8.8,41.7,51.4,51.5,54.3
Nashville,4752006-47037015100,7.5,6.4,9.4,33.2,38.3,78.3,13.3,77.8,68.1,16.8,21,24.7,28.7,37.2
Nashville,4752006-47037015200,9.3,7.8,10.9,35.8,40.1,80.4,13.8,79.9,69,15.7,23.2,27.7,30.4,37.4
Nashville,4752006-47037015300,6.5,6.5,8.9,34.1,38.3,84,9.8,80.4,71.5,16.5,16.6,21.1,26.9,34.8
Nashville,4752006-47037015401,8,7.1,10.6,36.3,40.5,82.6,11.6,80.7,70.8,15.7,20.1,24.6,29.4,36.6
Nashville,4752006-47037015402,7.7,6.5,9.8,35,39.2,78.5,13.4,78.6,69.2,17,21.8,25.1,30.1,37.6
Nashville,4752006-47037015404,9.1,8.8,11.4,38.1,40.7,78.3,16.7,81.4,71,14.6,20.6,29.4,29.2,36.6
Nashville,4752006-47037015405,7.2,5.5,9.2,33.2,37.3,77.3,13,76.6,68.2,17.5,22.6,24.3,31,39
Nashville,4752006-47037015501,6.2,5.2,8,29.8,34.8,77.3,11.5,75.6,67.6,18.5,19.9,21.9,27.7,37.1
Nashville,4752006-47037015502,8.6,6.6,10.2,33.5,38,77.1,15.1,76.8,67.5,16.4,24.7,27.7,32,39
Nashville,4752006-47037015609,4.1,2.8,5,21.4,27.2,74,10.3,66.4,64.6,21.6,17.7,17.1,24.6,37
Nashville,4752006-47037015610,5.5,4.4,7.3,28.9,34,77.7,10.4,74.5,67.7,19.1,18.9,19.9,27.6,37.1
Nashville,4752006-47037015612,6,4.3,8.4,29.8,32.1,74.5,14.8,72,68,17.4,22.3,24.3,32.8,41.1
Nashville,4752006-47037015613,7.3,4.8,9.8,31.7,32.7,64.6,24.7,67.3,64.5,17.6,30.7,32.3,37.3,45.3
Nashville,4752006-47037015614,6,4.2,9,30.3,32.7,72.8,17.7,72.2,67.1,16.8,22.6,26.3,33.2,41.7
Nashville,4752006-47037015615,8.2,5.6,11.6,34,36.4,68.1,25.7,72.9,65.7,14.7,27.5,34.3,37.2,43.7
Nashville,4752006-47037015617,7,6.2,10.5,36.2,38.6,82.6,11.1,80.5,72.7,15.4,18.6,23.2,30.6,37.9
Nashville,4752006-47037015618,7.1,5.6,10.8,35.6,36.6,77.7,15,77.6,70.6,15.9,22.4,26.5,34.2,41.6
Nashville,4752006-47037015619,5.7,4.6,9.3,32.4,34.4,81.8,11.4,76.9,71,16.7,18.9,22.1,31.6,39.9
Nashville,4752006-47037015620,7.2,4.9,10.7,34.2,34.6,73.6,19,74.2,68.8,15.6,25.7,29.7,36.8,44
Nashville,4752006-47037015622,6.7,5,8.9,31.1,35.2,78.6,12.9,75.1,67.7,17.6,22,23.7,31.6,39.2
Nashville,4752006-47037015623,7.7,5.4,9.3,32.4,35.7,72.7,15.8,74.2,67.3,16.3,24.4,26.9,32.6,40.4
Nashville,4752006-47037015624,5.9,4,7.5,27.4,31.6,74.6,13.2,71.1,66.3,18.8,22.7,22.9,30.8,40
Nashville,4752006-47037015625,7,4.8,8.7,29.7,34.2,77.5,13.4,73.9,67,17.1,23.7,25,32,39.8
Nashville,4752006-47037015626,5.2,3.4,7.9,27.9,28.9,73,16.2,69,68,17.9,22.8,24.6,33.8,43.3
Nashville,4752006-47037015627,8.2,5.6,11.5,33.6,35.6,72.9,22.6,74.6,67.5,15.1,27.3,32.5,35.8,43.8
Nashville,4752006-47037015628,6.3,4.3,8.8,31.7,31.1,68.3,20.1,70.3,68.9,16.2,24.3,28.2,34.6,43.9
Nashville,4752006-47037015629,4.7,3,6.9,26.6,27.5,69.2,15.6,66.6,67.8,17.5,20.5,23,32.3,41.9
Nashville,4752006-47037015630,4.6,3,7.4,28.6,28.5,75.1,13.4,69.6,68.9,17.9,20.8,21.9,33.2,42.8
Nashville,4752006-47037015631,6.3,4.4,9.1,31.1,33.1,75.6,16.3,73.1,68.1,17,23.6,26,33.7,42.2
Nashville,4752006-47037015700,9.1,7.6,11.7,36.9,40.4,74,20.2,78.3,68,15.4,24.5,31.2,32.9,39.7
Nashville,4752006-47037015802,8.7,6.3,11.1,33,36.3,67.8,25.2,72.5,65,15.5,27.1,33.2,35.6,42.2
Nashville,4752006-47037015803,7.2,4.4,9.1,29.8,33.5,55.7,34.2,63.1,59.1,17.7,31.5,36,37.4,44.2
Nashville,4752006-47037015804,6.5,4.4,8.4,29.3,32.4,67.4,19.3,68.6,64.8,17.8,25,27.2,33.2,41.5
Nashville,4752006-47037015900,14,11.4,16.7,41.2,43.9,68.1,21.5,81.5,68.6,12.2,28.8,39.6,36,40.9
Nashville,4752006-47037016000,11.6,8.6,20.3,49.6,41.7,71.2,24.3,81.4,74.1,10.7,32.1,42.2,47.1,49.7
Nashville,4752006-47037016100,8.3,6,12.5,37.8,37.2,71,19,77,69.2,15,26.6,31.1,36.9,43.7
Nashville,4752006-47037016200,10.1,7.8,17.3,45.5,40.8,71.5,20.1,81.6,73.2,12.1,27.1,36,40.6,45.5
Nashville,4752006-47037016300,8.1,6,13.3,37.6,35.8,67.8,17.4,77,69.2,14.5,25.5,31.1,37.6,43.6
Nashville,4752006-47037016400,4.2,2.8,3.9,15.7,21.7,56.7,12.7,60,62.1,21.4,17.6,19,20.2,34.8
Nashville,4752006-47037016500,3.1,0.9,1.5,10.3,12.7,43.4,14.4,26.4,59.4,22.4,18.8,18.2,19.4,36.3
Nashville,4752006-47037016600,4.1,3.5,6.2,22.4,28.1,73.7,10.4,70.2,64,19.1,15.6,17.9,23.9,35.3
Nashville,4752006-47037016700,4.5,5,6.5,27.7,34.2,81.8,6.7,78.8,69.7,18.3,11.6,15.5,21.5,30.9
Nashville,4752006-47037016800,3.3,2.6,4.2,18.5,26,73.1,8.1,64.9,62.9,21.9,14,14.4,21.6,33.7
Nashville,4752006-47037016900,3.7,3.2,5.4,23,29.9,80,6.9,72.2,66.2,21.1,12.9,14,23,33
Nashville,4752006-47037017000,3.8,2.7,5.5,20.6,24.7,65,10.4,68.6,64.9,21.9,16.4,17.1,23.5,35.4
Nashville,4752006-47037017100,3.9,3.5,7.2,26.8,29.1,78.2,8.9,75.5,68.1,20.4,14.8,16.7,26,35.8
Nashville,4752006-47037017200,9.9,7.7,11.7,35.8,40.3,72.9,19.5,76.9,66.2,15.3,26,31.2,33.6,39.1
Nashville,4752006-47037017300,9.3,7,12.7,36.1,40.3,68.2,25,75.4,65.2,14.5,27.4,35.3,35.5,42.1
Nashville,4752006-47037017401,8.3,6.3,10.9,34.2,37.5,70.8,22.4,74.5,66.1,16.2,26.5,31.9,34.7,41.7
Nashville,4752006-47037017402,7.1,5.3,9.1,30.7,34.7,69,19.1,72.1,65.6,16.6,23.1,27.7,32.1,39.9
Nashville,4752006-47037017500,10.4,7.9,12.2,36,40.4,71.8,22,77,66.1,14.9,27.5,33.5,34.1,40
Nashville,4752006-47037017701,4.3,4.2,5.9,25.6,32.7,83.7,6.7,75.6,68.4,19.7,13.3,15.1,23.1,32.2
Nashville,4752006-47037017702,4.4,3.8,5.3,22,29.4,73,8.2,73,67,21.8,14.3,15.5,21.2,32.7
Nashville,4752006-47037017800,4.4,3.9,6,24.4,31,78.5,7.6,73.9,66.6,19.8,14.1,15.7,23.7,33.3
Nashville,4752006-47037017901,5.2,6.1,8.1,32.9,38.5,85.9,6.1,82.7,72.8,16.2,10.7,16.3,22.4,30
Nashville,4752006-47037017902,5.6,6.7,8.4,33.8,38.6,86,6.9,82.8,73,14.9,11.5,18.2,22.7,30.4
Nashville,4752006-47037018000,4.5,5.2,7.1,30,36.6,85.5,5.5,80.5,71.4,17.2,10.5,14.6,22.4,30.4
Nashville,4752006-47037018101,6.9,4.8,8.5,29.7,33.5,67.7,18.3,70.5,65.6,16.8,24.4,27.2,31.2,41
Nashville,4752006-47037018102,6.5,7.3,9.5,36.5,40.9,86.7,7.3,83.6,73.8,14.6,13,19.7,24.1,31.6
Nashville,4752006-47037018201,5.2,5.7,7.8,32,38.1,86.8,6.4,80.7,71.7,17.3,12.5,16.4,23.7,31.7
Nashville,4752006-47037018202,5.5,4.4,7,26.2,31.6,75.2,10.7,72.3,66.9,17.9,17.9,20.1,27.3,36.5
Nashville,4752006-47037018203,5.4,6,7.9,33.1,39.2,87.9,6.3,81.3,72.4,16.7,12.4,16.8,23.7,31.1
Nashville,4752006-47037018301,6.5,5.5,8.6,31.9,37.2,78.7,11.8,76.5,68.1,17.4,19.4,22,28.1,36.8
Nashville,4752006-47037018302,5,4.2,6.6,27.3,33.9,83.8,7.9,74.9,68,19.9,16.6,17.1,25.8,34.8
Nashville,4752006-47037018401,5.7,4.7,7.4,27.9,33.6,76.9,10.5,74.4,67.8,18.2,17.9,20.2,26.6,36.3
Nashville,4752006-47037018404,5.7,5.6,7.9,30.8,35.9,81.8,9.1,79,70.5,16.9,14.8,19.4,25,33.7
Nashville,4752006-47037018405,5.5,4.9,7.7,29.8,36.3,85.4,7.6,77.7,69.8,18.3,15.9,17.9,26.3,34.7
Nashville,4752006-47037018407,5.5,4.9,8.1,30.2,37.1,85.5,7.5,77.9,69.9,17.4,15.6,18.2,26.4,34.9
Nashville,4752006-47037018408,4.8,4.3,7.2,28.4,35.5,86.6,6.7,77.1,69.9,18.2,14,16.2,25.2,33.9
Nashville,4752006-47037018409,7.7,8.3,10.5,38.7,42.1,87.2,8.8,84.9,74.9,13.4,14.5,22.4,24.9,32.3
Nashville,4752006-47037018410,5.6,4.5,7,28.4,34.1,76,10.6,75.1,67.5,18.5,18,20.2,25.6,35.8
Nashville,4752006-47037018500,4.6,5.2,6.9,29.7,36.1,87.2,6,79.5,71.2,17.8,11.7,15.3,23.1,31.1
Nashville,4752006-47037018601,5.2,5.7,8.4,33.4,40.4,89.2,5.3,81.6,72.9,16,11.2,15.6,24.6,30.9
Nashville,4752006-47037018602,5.1,6,8,33.5,39.7,88.2,5.7,82.1,73.2,16.2,10.9,15.7,22.8,30.5
Nashville,4752006-47037018700,5.1,5.7,8.1,32.8,39.8,88.7,5.4,81.8,72.9,16.4,11.1,15.3,23.8,30.6
Nashville,4752006-47037018801,5.1,5.2,7,29.2,35.3,83,7.6,78,69.4,18.7,14.4,17.2,23.9,32.8
Nashville,4752006-47037018803,4.7,4.7,7.1,28.6,35,83.4,7,78.2,69.7,17.9,12.9,16,24,32.5
Nashville,4752006-47037018804,5.5,5.1,8.2,31.3,37.5,85.4,7.7,79.1,70.6,17.1,15.2,18.2,25.5,34.6
Nashville,4752006-47037018901,7.5,6.4,9.8,34.5,38.1,74.3,14,77.1,67.8,16.4,21.6,25.6,30.5,38.2
Nashville,4752006-47037018902,6.4,5.6,8.3,31.1,36.5,76.7,12.7,76.5,67.3,17.8,18.7,22.1,27.6,35.7
Nashville,4752006-47037018904,7.7,5.9,9.9,33.4,36.9,68.5,20.7,73.8,65.7,15.8,23.8,29.3,32.5,40.1
Nashville,4752006-47037018905,4.9,3.4,6.1,23.2,28.9,70,16.3,66.2,63.2,20,20,21.6,27.6,37.8
Nashville,4752006-47037019003,7.4,5.2,10.1,30.7,35.4,61,30.5,68.5,62.1,15.6,26.1,34.5,35.6,42
Nashville,4752006-47037019004,9.9,6.9,12.4,34,38,64.3,29.9,72.4,63.7,14.1,30.5,38.4,37,43.8
Nashville,4752006-47037019005,8.9,5.7,12.1,35.4,36,65.2,26.5,72.4,67.1,13.9,30.5,36.5,38.6,46.1
Nashville,4752006-47037019006,8.3,6.2,11.5,35.5,38,68.4,24.4,74.7,66.5,14.9,26.5,33.7,34.7,43.1
Nashville,4752006-47037019105,8.1,5.9,9.9,31.1,36.3,68.5,20.7,73.5,64.9,15.1,25.1,30.6,29.6,40.7
Nashville,4752006-47037019106,4.1,3,5.3,22.1,28,75.5,9.9,68.5,65,21.4,16.8,16.9,24.9,35.9
Nashville,4752006-47037019108,7,4.5,8.9,29.7,33,60.5,30,66.7,62.8,16.9,27.3,33,35.3,43
Nashville,4752006-47037019109,8.1,5.7,10.8,33.9,37.2,71.2,22.5,74.6,66.3,15.9,26.2,31.3,34.5,42
Nashville,4752006-47037019110,8.7,6.2,10.8,33.8,37.9,70,23.6,74.7,65.7,16.1,26.5,32,34,41.2
Nashville,4752006-47037019111,5.7,3.7,7.8,26.8,29.8,72.2,17.4,69.2,66.5,17.7,23,25.3,32.1,41.7
Nashville,4752006-47037019112,6.3,4.5,9.5,31,33.4,73.2,17.6,73,66.7,16.7,24,27.2,33.1,42.4
Nashville,4752006-47037019114,4.3,3.2,5.8,23.7,29.5,79.5,9.7,70.4,66,21,17.7,17.4,25.9,36.7
Nashville,4752006-47037019115,4.9,4.4,7.7,28.4,34.3,84.9,8,76.9,69.5,17.8,15.1,17.7,26.2,35.3
Nashville,4752006-47037019116,5.5,4,7.2,26.7,31.7,76.2,11.5,71.9,66.5,18.7,20.1,20.9,28.7,38.3
Nashville,4752006-47037019117,4.8,3.7,7.7,27.8,30.5,79.4,12.1,72.5,68.7,18.3,19.6,21.1,30.4,40.5
Nashville,4752006-47037019118,5.1,3,6.7,24.4,26.6,69.3,17.6,64.4,65.7,18.1,23.3,24.7,32.2,42.3
Nashville,4752006-47037019200,7.2,5.2,9.8,32.4,34.5,74.9,14.6,74.7,67.6,16.6,24,26.1,33.3,40.7
Nashville,4752006-47037019300,14.7,8.4,18,44.5,39.8,59.3,30.7,74.9,69.9,9.6,40.2,48.1,48.7,51.2
Nashville,4752006-47037019400,6,5,10.8,36.3,34.4,74.8,13.7,77.2,70.6,15.7,20.2,24.4,33.9,41
Nashville,4752006-47037019500,5.1,4,7.6,27.5,30.5,71.1,13.6,68.4,64.2,20.6,21.4,21,30.5,39.7
Nashville,4752006-47037019600,7.4,5.7,9.2,32.4,35.4,72.9,16.8,74.1,67.3,17.2,23.9,26.6,31.8,40.1